Dimension,Excess_Return,Tracking_Error,Information_Ratio
Capitalization,0.000512167,0.000374688,1.36691596
Country,0.000810620,0.001056293,0.76741974
Duration,0.001002421,0.001835905,0.54600908
Credit,0.000233230,0.001144822,0.20372609
Alternatives,0.000307269,0.002795578,0.10991247
Multi-Asset 60/30/10,0.000752383,0.001820299,0.41332920
Multi-Asset 50/45/5,0.000722401,0.001384055,0.52194545
